station,date,average_day_temp,min_temp,max_temp,duration_sunshine,sum_precipitation,crop_evaporation
Gilze-Rijen,2019-10-01,15.2,10.9,18.1,0.3,21.8,0.8
Gilze-Rijen,2019-10-02,10.6,8.2,14.3,4.5,0.6,1.3
Gilze-Rijen,2019-10-03,11.0,9.2,13.8,1.7,1.6,0.9
Gilze-Rijen,2019-10-04,11.5,8.4,16.1,2.6,12.7,0.8
Gilze-Rijen,2019-10-05,9.9,6.5,13.2,2.1,0.0,1.1
Gilze-Rijen,2019-10-06,9.6,8.6,11.3,0.4,12.2,0.3
Gilze-Rijen,2019-10-07,10.6,8.5,12.6,0.4,1.2,0.5
Gilze-Rijen,2019-10-08,13.6,11.7,16.1,0.8,5.0,0.8
Gilze-Rijen,2019-10-09,11.9,10.0,14.1,3.3,2.0,1.0
Gilze-Rijen,2019-10-10,12.6,9.2,16.0,7.4,1.3,1.4
Gilze-Rijen,2019-10-11,14.8,12.5,16.9,0.0,1.3,0.5
Gilze-Rijen,2019-10-12,13.9,9.5,16.9,0.6,0.0,0.5
Gilze-Rijen,2019-10-13,17.7,10.3,24.0,3.6,7.1,1.4
Gilze-Rijen,2019-10-14,16.0,9.8,21.1,4.5,2.6,1.3
Gilze-Rijen,2019-10-15,14.8,12.2,17.5,0.2,0.8,0.6
Gilze-Rijen,2019-10-16,13.1,10.2,14.5,2.4,9.0,0.6
Gilze-Rijen,2019-10-17,13.4,10.5,16.6,4.5,0.8,1.1
Gilze-Rijen,2019-10-18,12.4,10.2,14.8,3.3,1.3,0.8
Gilze-Rijen,2019-10-19,11.7,8.8,14.5,2.6,5.9,0.9
Gilze-Rijen,2019-10-20,10.7,5.7,12.9,0.0,0.2,0.4
Gilze-Rijen,2019-10-21,12.2,10.9,15.2,0.3,8.9,0.5
Gilze-Rijen,2019-10-22,12.4,9.8,16.1,3.7,-1.0,0.9
Gilze-Rijen,2019-10-23,13.0,9.5,17.1,4.3,0.2,1.0
Gilze-Rijen,2019-10-24,15.1,11.0,20.3,4.0,-1.0,0.9
Gilze-Rijen,2019-10-25,13.9,10.9,16.4,5.0,0.2,1.1
Gilze-Rijen,2019-10-26,16.7,13.3,20.2,5.8,0.9,1.3
Gilze-Rijen,2019-10-27,8.9,3.0,13.3,4.4,1.3,0.9
Gilze-Rijen,2019-10-28,7.2,1.5,13.7,6.0,0.0,0.9
Gilze-Rijen,2019-10-29,6.7,2.5,12.5,7.4,0.0,1.1
Gilze-Rijen,2019-10-30,4.1,0.6,9.0,2.7,0.0,0.6
Gilze-Rijen,2019-10-31,4.2,-0.6,10.7,8.2,0.0,1.0
Gilze-Rijen,2019-11-01,9.0,1.6,14.4,0.1,4.3,0.3
Gilze-Rijen,2019-11-02,13.5,11.1,15.1,3.2,8.0,0.8
Gilze-Rijen,2019-11-03,10.6,7.7,13.1,1.8,9.7,0.5
Gilze-Rijen,2019-11-04,10.3,7.5,13.3,2.8,1.2,0.6
Gilze-Rijen,2019-11-05,9.3,7.8,11.4,0.9,2.5,0.4
Gilze-Rijen,2019-11-06,8.6,6.6,11.4,1.5,1.0,0.5
Gilze-Rijen,2019-11-07,7.4,3.4,10.0,1.5,5.3,0.3
Gilze-Rijen,2019-11-08,5.0,1.5,10.4,7.3,0.0,0.8
Gilze-Rijen,2019-11-09,5.6,1.3,9.9,6.0,1.0,0.8
Gilze-Rijen,2019-11-10,2.1,-2.5,10.0,8.1,0.0,0.8
Gilze-Rijen,2019-11-11,5.6,0.2,8.1,1.3,12.0,0.3
Gilze-Rijen,2019-11-12,5.3,3.6,7.9,4.9,1.3,0.6
Gilze-Rijen,2019-11-13,6.2,4.1,10.0,2.3,11.9,0.4
Gilze-Rijen,2019-11-14,5.2,2.6,7.8,0.6,-1.0,0.3
Gilze-Rijen,2019-11-15,4.0,1.6,5.9,1.3,0.0,0.2
Gilze-Rijen,2019-11-16,3.7,-1.1,7.1,1.0,0.0,0.4
Gilze-Rijen,2019-11-17,4.2,-0.4,7.8,3.4,-1.0,0.5
Gilze-Rijen,2019-11-18,5.7,3.7,7.8,0.0,5.7,0.1
Gilze-Rijen,2019-11-19,4.0,-2.1,8.3,2.4,0.5,0.4
Gilze-Rijen,2019-11-20,1.1,-3.9,7.0,6.7,0.0,0.6
Gilze-Rijen,2019-11-21,1.8,0.5,3.0,0.8,0.0,0.3
Gilze-Rijen,2019-11-22,6.8,2.1,11.1,6.4,0.5,0.6
Gilze-Rijen,2019-11-23,5.8,2.6,8.2,0.3,-1.0,0.3
Gilze-Rijen,2019-11-24,5.8,0.5,10.7,5.3,0.0,0.5
Gilze-Rijen,2019-11-25,7.5,3.2,11.6,6.7,0.0,0.6
Gilze-Rijen,2019-11-26,10.3,8.3,11.9,0.0,0.9,0.2
Gilze-Rijen,2019-11-27,10.6,9.8,12.0,1.4,10.4,0.3
Gilze-Rijen,2019-11-28,9.4,7.8,10.4,0.0,13.1,0.1
Gilze-Rijen,2019-11-29,5.0,-0.2,9.4,3.5,-1.0,0.4
Gilze-Rijen,2019-11-30,1.3,-3.0,7.3,7.3,0.0,0.5
Gilze-Rijen,2019-12-01,0.9,-2.6,3.7,0.9,0.0,0.2
Gilze-Rijen,2019-12-02,3.8,-3.5,9.6,4.4,0.1,0.4
Gilze-Rijen,2019-12-03,3.2,-0.1,7.1,3.7,0.0,0.4
Gilze-Rijen,2019-12-04,1.3,-2.8,7.5,7.0,0.0,0.5
Gilze-Rijen,2019-12-05,1.3,-1.5,3.6,1.5,-1.0,0.2
Gilze-Rijen,2019-12-06,6.1,2.7,10.1,0.0,11.6,0.1
Gilze-Rijen,2019-12-07,9.4,8.6,10.0,0.0,-1.0,0.2
Gilze-Rijen,2019-12-08,9.5,6.9,11.6,1.8,1.5,0.2
Gilze-Rijen,2019-12-09,6.5,1.3,8.2,0.4,8.6,0.2
Gilze-Rijen,2019-12-10,4.9,0.6,8.2,5.1,0.2,0.4
Gilze-Rijen,2019-12-11,5.9,3.9,7.8,0.9,3.8,0.2
Gilze-Rijen,2019-12-12,4.4,1.9,6.3,5.3,3.1,0.4
Gilze-Rijen,2019-12-13,5.3,3.8,7.4,0.3,7.4,0.1
Gilze-Rijen,2019-12-14,6.1,4.9,8.0,1.0,6.9,0.3
Gilze-Rijen,2019-12-15,7.0,3.2,9.6,4.1,4.9,0.4
Gilze-Rijen,2019-12-16,7.3,3.3,8.7,0.0,1.0,0.1
Gilze-Rijen,2019-12-17,10.6,5.8,15.8,2.5,1.1,0.4
Gilze-Rijen,2019-12-18,7.0,4.9,9.2,4.9,0.0,0.4
Gilze-Rijen,2019-12-19,11.7,7.1,14.7,5.1,0.1,0.5
Gilze-Rijen,2019-12-20,11.1,7.6,13.6,0.2,1.7,0.1
Gilze-Rijen,2019-12-21,7.3,5.4,9.0,1.2,1.7,0.2
Gilze-Rijen,2019-12-22,8.0,6.5,9.4,0.0,9.8,0.1
Gilze-Rijen,2019-12-23,7.7,5.4,9.4,0.8,1.4,0.2
Gilze-Rijen,2019-12-24,8.9,6.1,11.1,0.9,1.9,0.2
Gilze-Rijen,2019-12-25,7.3,4.2,9.7,0.0,2.2,0.2
Gilze-Rijen,2019-12-26,5.0,2.6,6.2,0.0,4.5,0.1
Gilze-Rijen,2019-12-27,5.3,2.9,6.5,4.5,0.3,0.4
Gilze-Rijen,2019-12-28,1.2,-1.8,5.2,5.1,0.0,0.3
Gilze-Rijen,2019-12-29,1.3,-2.8,4.9,2.3,0.0,0.3
Gilze-Rijen,2019-12-30,4.5,0.8,9.4,6.5,0.0,0.5
Gilze-Rijen,2019-12-31,3.7,0.7,7.3,0.9,-1.0,0.3
Gilze-Rijen,2020-01-01,2.0,0.8,3.2,0.0,0.0,0.1
Gilze-Rijen,2020-01-02,4.1,1.6,8.1,0.0,0.0,0.1
Gilze-Rijen,2020-01-03,7.8,3.4,10.6,0.2,2.9,0.1
Gilze-Rijen,2020-01-04,6.4,3.6,8.0,0.2,0.5,0.2
Gilze-Rijen,2020-01-05,6.8,6.1,7.5,0.0,0.0,0.1
Gilze-Rijen,2020-01-06,5.9,2.8,7.5,6.2,0.8,0.5
Gilze-Rijen,2020-01-07,7.1,5.3,8.4,0.7,-1.0,0.2
Gilze-Rijen,2020-01-08,10.7,8.0,12.6,0.0,1.5,0.2
Gilze-Rijen,2020-01-09,11.9,10.0,13.2,0.0,3.0,0.1
Gilze-Rijen,2020-01-10,6.3,1.7,10.9,1.0,5.5,0.2
Gilze-Rijen,2020-01-11,5.7,2.9,7.3,1.6,0.0,0.4
Gilze-Rijen,2020-01-12,7.5,5.3,10.5,0.3,0.3,0.1
Gilze-Rijen,2020-01-13,8.0,5.7,11.1,3.9,-1.0,0.5
Gilze-Rijen,2020-01-14,10.9,9.2,12.8,0.0,5.5,0.1
Gilze-Rijen,2020-01-15,9.2,3.5,12.0,0.0,2.3,0.2
Gilze-Rijen,2020-01-16,6.9,1.5,11.3,7.1,0.0,0.7
Gilze-Rijen,2020-01-17,8.5,3.6,10.4,0.8,0.3,0.2
Gilze-Rijen,2020-01-18,4.3,-0.4,8.1,4.7,-1.0,0.5
Gilze-Rijen,2020-01-19,3.0,-1.2,8.2,6.6,0.1,0.5
Gilze-Rijen,2020-01-20,1.6,-2.9,6.2,1.2,0.0,0.3
Gilze-Rijen,2020-01-21,-0.2,-1.4,1.0,0.0,0.0,0.2
Gilze-Rijen,2020-01-22,2.8,0.1,4.9,0.0,-1.0,0.2
Gilze-Rijen,2020-01-23,3.9,1.9,6.4,1.7,0.0,0.4
Gilze-Rijen,2020-01-24,1.6,0.9,2.3,0.0,-1.0,0.1
Gilze-Rijen,2020-01-25,1.4,0.6,2.3,0.0,0.0,0.2
Gilze-Rijen,2020-01-26,6.1,1.5,10.3,6.2,0.1,0.7
Gilze-Rijen,2020-01-27,8.4,7.3,9.7,0.4,7.5,0.4
Gilze-Rijen,2020-01-28,5.2,3.2,7.5,3.7,6.7,0.5
Gilze-Rijen,2020-01-29,5.7,3.4,8.1,4.0,0.2,0.5
Gilze-Rijen,2020-01-30,8.5,5.7,11.8,1.5,3.4,0.4
Gilze-Rijen,2020-01-31,11.6,9.9,12.8,0.1,-1.0,0.3
Gilze-Rijen,2020-02-01,10.9,8.5,12.5,1.2,2.1,0.4
Gilze-Rijen,2020-02-02,9.9,6.7,12.6,0.0,3.7,0.2
Gilze-Rijen,2020-02-03,9.5,6.0,11.3,0.9,2.6,0.4
Gilze-Rijen,2020-02-04,5.3,0.7,7.6,0.7,3.7,0.3
Gilze-Rijen,2020-02-05,4.3,-1.5,8.9,3.2,0.0,0.6
Gilze-Rijen,2020-02-06,3.1,-1.4,8.4,2.5,0.0,0.5
Gilze-Rijen,2020-02-07,3.7,-1.5,8.9,8.5,0.0,0.9
Gilze-Rijen,2020-02-08,7.8,3.4,11.3,0.9,0.6,0.3
Gilze-Rijen,2020-02-09,10.4,7.3,12.9,0.0,8.2,0.3
Gilze-Rijen,2020-02-10,8.1,4.9,11.4,2.3,6.1,0.6
Gilze-Rijen,2020-02-11,6.3,5.0,7.3,3.0,0.8,0.5
Gilze-Rijen,2020-02-12,5.4,2.0,8.4,4.9,-1.0,0.8
Gilze-Rijen,2020-02-13,6.2,1.9,9.6,2.1,8.3,0.4
Gilze-Rijen,2020-02-14,7.5,5.9,9.8,2.1,0.1,0.6
Gilze-Rijen,2020-02-15,10.8,6.7,13.5,2.7,-1.0,0.7
Gilze-Rijen,2020-02-16,12.8,8.1,17.4,0.1,11.0,0.4
Gilze-Rijen,2020-02-17,8.0,5.9,11.3,5.2,2.1,0.9
Gilze-Rijen,2020-02-18,7.4,5.2,10.0,4.8,6.5,0.8
Gilze-Rijen,2020-02-19,6.3,4.5,8.3,6.5,2.6,1.0
Gilze-Rijen,2020-02-20,8.2,4.1,10.7,0.4,6.8,0.4
Gilze-Rijen,2020-02-21,7.0,3.0,9.1,2.9,0.0,0.7
Gilze-Rijen,2020-02-22,9.0,7.0,11.1,0.0,2.9,0.3
Gilze-Rijen,2020-02-23,9.3,3.7,12.8,0.2,24.7,0.2
Gilze-Rijen,2020-02-24,8.1,3.5,12.2,0.0,5.2,0.2
Gilze-Rijen,2020-02-25,6.6,0.3,10.7,5.1,6.0,1.0
Gilze-Rijen,2020-02-26,2.8,0.2,5.5,2.9,14.2,0.7
Gilze-Rijen,2020-02-27,2.5,1.4,3.5,0.0,8.8,0.2
Gilze-Rijen,2020-02-28,4.4,0.2,8.8,2.8,5.9,0.7
Gilze-Rijen,2020-02-29,8.9,5.0,13.1,3.0,1.5,0.8
Gilze-Rijen,2020-03-01,6.8,3.7,10.0,3.3,0.1,1.0
Gilze-Rijen,2020-03-02,5.8,2.5,8.3,0.1,5.4,0.4
Gilze-Rijen,2020-03-03,4.6,1.2,9.8,8.1,0.3,1.3
Gilze-Rijen,2020-03-04,6.3,4.1,10.4,5.6,1.7,1.0
Gilze-Rijen,2020-03-05,5.8,4.7,7.0,0.0,15.2,0.2
Gilze-Rijen,2020-03-06,6.6,4.4,9.2,1.6,3.2,0.8
Gilze-Rijen,2020-03-07,7.3,1.8,10.8,6.4,-1.0,1.4
Gilze-Rijen,2020-03-08,8.3,6.8,9.7,0.8,1.4,0.5
Gilze-Rijen,2020-03-09,7.9,6.5,10.3,5.0,1.5,1.1
Gilze-Rijen,2020-03-10,10.8,6.3,13.2,0.0,20.0,0.3
Gilze-Rijen,2020-03-11,11.7,9.6,14.3,2.3,8.1,1.0
Gilze-Rijen,2020-03-12,8.9,6.5,13.4,8.5,4.3,1.8
Gilze-Rijen,2020-03-13,7.0,1.8,10.8,5.0,0.4,1.2
Gilze-Rijen,2020-03-14,7.0,0.2,12.3,3.4,0.2,1.3
Gilze-Rijen,2020-03-15,9.5,7.0,12.4,1.4,0.0,0.7
Gilze-Rijen,2020-03-16,8.5,3.0,13.1,3.9,0.0,1.3
Gilze-Rijen,2020-03-17,8.4,2.7,14.6,9.8,0.0,2.1
Gilze-Rijen,2020-03-18,11.0,4.8,16.7,6.6,0.0,1.8
Gilze-Rijen,2020-03-19,9.6,6.3,12.9,1.8,0.0,1.2
Gilze-Rijen,2020-03-20,7.0,5.2,9.0,0.1,1.7,0.5
Gilze-Rijen,2020-03-21,5.5,1.8,10.3,11.1,0.0,2.2
Gilze-Rijen,2020-03-22,5.1,0.2,10.5,11.1,0.0,2.3
Gilze-Rijen,2020-03-23,5.5,1.1,10.6,11.3,0.0,2.3
Gilze-Rijen,2020-03-24,5.8,-2.0,11.7,11.5,0.0,2.4
Gilze-Rijen,2020-03-25,6.1,-1.4,12.5,11.5,0.0,2.4
Gilze-Rijen,2020-03-26,6.5,0.7,12.3,11.5,0.0,2.4
Gilze-Rijen,2020-03-27,8.2,0.3,15.4,11.5,0.0,2.3
Gilze-Rijen,2020-03-28,7.8,3.8,14.0,11.5,-1.0,2.4
Gilze-Rijen,2020-03-29,4.3,-0.6,8.1,7.5,-1.0,1.6
Gilze-Rijen,2020-03-30,3.7,-4.3,9.1,5.1,0.2,1.3
Gilze-Rijen,2020-03-31,4.1,-1.5,10.1,12.2,0.0,2.5
Gilze-Rijen,2020-04-01,4.0,-4.3,10.6,10.8,0.0,2.3
Gilze-Rijen,2020-04-02,6.3,-3.2,11.2,4.0,-1.0,1.3
Gilze-Rijen,2020-04-03,6.7,-1.4,11.0,5.4,0.0,1.6
Gilze-Rijen,2020-04-04,8.5,-1.7,15.8,12.0,0.0,2.9
Gilze-Rijen,2020-04-05,14.0,5.0,22.3,12.3,0.0,3.3
Gilze-Rijen,2020-04-06,14.9,8.0,23.3,9.4,-1.0,3.0
Gilze-Rijen,2020-04-07,12.8,2.2,20.6,12.1,0.0,3.2
Gilze-Rijen,2020-04-08,16.3,6.3,25.1,10.4,0.0,3.2
Gilze-Rijen,2020-04-09,14.0,7.4,21.5,8.1,0.0,2.9
Gilze-Rijen,2020-04-10,12.8,5.1,20.4,12.5,0.0,3.3
Gilze-Rijen,2020-04-11,13.5,5.4,22.5,12.7,0.0,3.5
Gilze-Rijen,2020-04-12,14.5,2.2,24.2,8.7,0.0,2.8
Gilze-Rijen,2020-04-13,8.3,5.9,11.8,8.0,-1.0,2.6
Gilze-Rijen,2020-04-14,6.4,0.8,10.4,1.8,0.0,1.5
Gilze-Rijen,2020-04-15,9.5,-1.4,18.0,11.5,0.0,3.1
Gilze-Rijen,2020-04-16,14.0,2.5,23.9,10.8,0.0,3.4
Gilze-Rijen,2020-04-17,12.8,7.1,19.6,11.7,0.0,3.4
Gilze-Rijen,2020-04-18,10.9,6.1,14.8,1.4,0.8,1.4
Gilze-Rijen,2020-04-19,13.4,9.3,19.3,8.3,0.2,3.1
Gilze-Rijen,2020-04-20,13.8,6.9,19.9,13.2,0.0,3.8
Gilze-Rijen,2020-04-21,14.7,8.2,20.7,13.2,0.0,4.0
Gilze-Rijen,2020-04-22,15.9,8.8,22.6,13.2,0.0,4.1
Gilze-Rijen,2020-04-23,15.8,6.2,24.4,13.2,0.0,4.0
Gilze-Rijen,2020-04-24,12.8,5.5,20.2,12.8,0.0,3.8
Gilze-Rijen,2020-04-25,10.1,4.8,14.7,7.5,0.0,2.9
Gilze-Rijen,2020-04-26,10.3,2.4,18.1,13.4,0.0,3.6
Gilze-Rijen,2020-04-27,13.7,3.0,22.7,10.6,0.0,3.7
Gilze-Rijen,2020-04-28,11.2,7.8,14.1,0.9,3.2,0.9
Gilze-Rijen,2020-04-29,12.6,9.9,17.2,2.0,0.3,1.7
Gilze-Rijen,2020-04-30,11.7,8.1,17.5,8.0,2.0,2.9
Gilze-Rijen,2020-05-01,10.4,7.2,14.8,6.4,2.0,2.1
Gilze-Rijen,2020-05-02,9.8,6.1,14.5,8.3,7.3,2.4
Gilze-Rijen,2020-05-03,12.4,6.0,17.6,3.6,-1.0,2.5
Gilze-Rijen,2020-05-04,12.1,6.6,17.5,7.9,0.1,3.0
Gilze-Rijen,2020-05-05,10.0,3.7,15.6,14.2,0.0,4.0
Gilze-Rijen,2020-05-06,11.8,3.9,18.7,14.0,0.0,4.1
Gilze-Rijen,2020-05-07,14.2,3.7,22.0,13.0,0.0,4.0
Gilze-Rijen,2020-05-08,16.0,6.4,23.3,10.4,0.0,3.8
Gilze-Rijen,2020-05-09,18.2,8.3,25.9,13.4,0.0,4.6
Gilze-Rijen,2020-05-10,14.1,6.9,22.8,1.4,1.0,1.7
Gilze-Rijen,2020-05-11,8.7,1.8,13.5,11.9,0.2,3.3
Gilze-Rijen,2020-05-12,7.4,-1.1,12.6,6.8,0.0,1.9
Gilze-Rijen,2020-05-13,8.7,1.2,13.8,9.4,0.0,2.7
Gilze-Rijen,2020-05-14,8.5,0.6,14.8,13.9,0.0,3.8
Gilze-Rijen,2020-05-15,9.3,1.3,16.1,10.8,0.0,3.3
Gilze-Rijen,2020-05-16,10.4,1.5,17.3,9.2,0.0,3.1
Gilze-Rijen,2020-05-17,12.9,2.6,19.8,10.8,0.0,3.6
Gilze-Rijen,2020-05-18,15.5,7.2,23.4,13.1,0.0,4.4
Gilze-Rijen,2020-05-19,17.0,9.1,24.4,11.0,0.0,4.5
Gilze-Rijen,2020-05-20,17.2,8.4,23.7,14.5,0.0,4.8
Gilze-Rijen,2020-05-21,20.3,9.4,28.5,13.6,0.0,5.0
Gilze-Rijen,2020-05-22,19.4,14.9,26.5,1.8,1.0,2.3
Gilze-Rijen,2020-05-23,15.4,11.7,20.0,7.8,0.1,3.4
Gilze-Rijen,2020-05-24,13.1,10.6,14.8,2.5,2.0,1.1
Gilze-Rijen,2020-05-25,16.2,9.3,22.2,13.5,0.0,4.3
Gilze-Rijen,2020-05-26,17.0,6.9,24.7,13.3,0.0,4.8
Gilze-Rijen,2020-05-27,16.7,11.2,23.0,12.8,0.0,4.7
Gilze-Rijen,2020-05-28,15.2,7.6,22.1,14.3,0.0,4.9
Gilze-Rijen,2020-05-29,16.2,7.2,23.6,15.0,0.0,5.0
Gilze-Rijen,2020-05-30,18.6,11.0,25.3,15.0,0.0,5.1
Gilze-Rijen,2020-05-31,17.5,10.7,23.0,15.2,0.0,5.1
Gilze-Rijen,2020-06-01,19.5,11.4,26.9,13.1,0.0,5.1
Gilze-Rijen,2020-06-02,20.4,10.6,28.9,13.7,0.0,5.0
Gilze-Rijen,2020-06-03,17.3,11.6,23.6,8.6,0.0,4.0
Gilze-Rijen,2020-06-04,13.0,7.4,16.3,0.1,1.8,1.2
Gilze-Rijen,2020-06-05,10.0,6.7,14.3,3.4,10.4,1.7
Gilze-Rijen,2020-06-06,11.9,5.7,17.2,5.9,2.2,2.8
Gilze-Rijen,2020-06-07,13.2,9.8,18.5,4.6,3.1,2.8
Gilze-Rijen,2020-06-08,14.1,11.0,17.6,3.4,-1.0,2.0
Gilze-Rijen,2020-06-09,13.8,10.7,17.3,1.3,0.0,2.5
Gilze-Rijen,2020-06-10,14.1,7.8,18.1,2.0,0.0,1.8
Gilze-Rijen,2020-06-11,16.2,12.5,20.1,2.9,-1.0,2.1
Gilze-Rijen,2020-06-12,19.4,15.1,27.0,9.8,8.9,3.8
Gilze-Rijen,2020-06-13,20.9,15.1,26.8,13.3,1.0,5.1
Gilze-Rijen,2020-06-14,19.3,15.1,22.8,2.1,0.0,2.0
Gilze-Rijen,2020-06-15,20.1,15.8,25.1,4.3,11.6,3.2
Gilze-Rijen,2020-06-16,18.5,15.8,23.4,1.9,17.8,2.4
Gilze-Rijen,2020-06-17,18.7,13.1,25.4,7.3,18.3,3.6
Gilze-Rijen,2020-06-18,17.9,13.4,24.2,7.4,4.8,3.7
Gilze-Rijen,2020-06-19,17.2,12.1,22.9,11.5,-1.0,4.2
Gilze-Rijen,2020-06-20,17.2,10.6,22.8,12.5,0.0,4.4
Gilze-Rijen,2020-06-21,19.5,12.3,26.0,8.3,0.1,4.0
Gilze-Rijen,2020-06-22,17.7,11.4,23.5,14.6,0.0,5.0
Gilze-Rijen,2020-06-23,20.8,10.3,27.8,15.3,0.0,5.4
Gilze-Rijen,2020-06-24,24.2,15.1,31.0,15.3,0.0,5.9
Gilze-Rijen,2020-06-25,24.5,16.4,30.4,15.1,0.0,5.7
Gilze-Rijen,2020-06-26,23.8,18.2,32.0,12.2,51.6,5.1
Gilze-Rijen,2020-06-27,20.5,17.2,26.1,5.5,2.1,3.4
Gilze-Rijen,2020-06-28,17.9,13.2,21.9,7.1,-1.0,3.3
Gilze-Rijen,2020-06-29,16.4,12.1,20.5,7.4,0.0,3.3
Gilze-Rijen,2020-06-30,16.5,13.7,20.6,1.7,6.5,2.0
Gilze-Rijen,2020-07-01,18.0,14.4,21.6,3.6,20.8,2.4
Gilze-Rijen,2020-07-02,16.2,12.7,21.5,5.3,8.8,2.7
Gilze-Rijen,2020-07-03,17.7,13.5,22.2,6.8,-1.0,3.4
Gilze-Rijen,2020-07-04,17.2,14.8,19.3,0.3,5.4,1.1
Gilze-Rijen,2020-07-05,18.3,14.2,22.3,5.2,0.3,2.2
Gilze-Rijen,2020-07-06,14.7,9.4,18.7,7.3,2.8,3.3
Gilze-Rijen,2020-07-07,15.8,8.5,20.2,5.7,-1.0,3.4
Gilze-Rijen,2020-07-08,15.4,12.5,18.1,0.0,6.1,1.1
Gilze-Rijen,2020-07-09,17.5,15.9,19.9,0.3,2.7,1.2
Gilze-Rijen,2020-07-10,15.1,8.3,18.6,3.4,1.4,2.0
Gilze-Rijen,2020-07-11,14.3,6.8,20.5,8.8,0.2,3.0
Gilze-Rijen,2020-07-12,15.5,6.1,21.3,13.8,0.0,4.5
Gilze-Rijen,2020-07-13,17.7,9.1,24.1,14.5,0.0,5.0
Gilze-Rijen,2020-07-14,15.7,12.6,18.8,0.3,1.9,1.2
Gilze-Rijen,2020-07-15,16.0,8.8,21.4,7.0,-1.0,3.2
Gilze-Rijen,2020-07-16,16.1,13.9,19.6,0.8,3.1,1.2
Gilze-Rijen,2020-07-17,17.8,13.5,22.5,3.5,-1.0,2.4
Gilze-Rijen,2020-07-18,19.6,11.7,26.1,8.6,0.0,3.8
Gilze-Rijen,2020-07-19,18.2,11.0,24.4,9.6,-1.0,4.1
Gilze-Rijen,2020-07-20,16.5,9.7,21.6,12.3,0.0,3.9
Gilze-Rijen,2020-07-21,15.0,6.2,21.9,13.0,0.0,4.0
Gilze-Rijen,2020-07-22,15.3,6.7,21.4,11.3,0.0,3.8
Gilze-Rijen,2020-07-23,18.8,8.9,25.6,11.3,0.0,4.4
Gilze-Rijen,2020-07-24,18.6,15.3,23.1,1.5,-1.0,2.1
Gilze-Rijen,2020-07-25,18.7,14.8,22.5,1.0,4.4,1.5
Gilze-Rijen,2020-07-26,18.7,13.7,23.0,10.0,0.8,3.8
Gilze-Rijen,2020-07-27,18.7,13.9,26.1,2.4,1.0,1.8
Gilze-Rijen,2020-07-28,18.0,13.7,21.7,7.8,0.0,3.4
Gilze-Rijen,2020-07-29,16.9,11.3,21.7,11.5,0.0,3.9
Gilze-Rijen,2020-07-30,19.6,9.5,27.7,13.1,0.0,4.6
Gilze-Rijen,2020-07-31,25.9,12.9,34.7,14.0,0.4,5.3
Gilze-Rijen,2020-08-01,20.9,13.4,25.1,5.4,0.5,2.7
Gilze-Rijen,2020-08-02,17.1,9.5,23.0,7.3,0.0,3.1
Gilze-Rijen,2020-08-03,15.5,8.2,23.2,5.4,-1.0,2.6
Gilze-Rijen,2020-08-04,16.8,6.9,23.4,12.8,0.0,4.2
Gilze-Rijen,2020-08-05,21.2,11.7,29.6,13.8,0.0,4.8
Gilze-Rijen,2020-08-06,23.4,11.8,32.2,13.3,0.0,4.8
Gilze-Rijen,2020-08-07,26.0,15.5,34.8,14.0,0.0,5.0
Gilze-Rijen,2020-08-08,27.3,16.0,36.2,12.1,0.0,4.8
Gilze-Rijen,2020-08-09,27.9,21.6,35.3,11.6,0.0,4.7
Gilze-Rijen,2020-08-10,27.1,18.7,34.2,10.5,0.0,4.2
Gilze-Rijen,2020-08-11,26.5,19.5,35.0,9.2,2.5,4.1
Gilze-Rijen,2020-08-12,27.1,21.0,33.5,11.7,0.0,4.5
Gilze-Rijen,2020-08-13,23.9,19.1,32.8,3.7,0.8,2.6
Gilze-Rijen,2020-08-14,21.8,17.3,28.1,7.0,0.0,3.0
Gilze-Rijen,2020-08-15,21.3,15.7,27.9,4.8,3.7,2.7
Gilze-Rijen,2020-08-16,21.9,16.7,31.0,7.3,1.5,3.4
Gilze-Rijen,2020-08-17,20.1,15.3,26.9,6.6,1.4,3.1
Gilze-Rijen,2020-08-18,19.2,14.4,25.3,11.3,0.0,3.7
Gilze-Rijen,2020-08-19,21.3,13.5,28.6,7.0,0.4,3.2
Gilze-Rijen,2020-08-20,24.7,18.7,30.0,4.8,-1.0,2.5
Gilze-Rijen,2020-08-21,24.2,16.6,30.6,9.1,-1.0,3.6
Gilze-Rijen,2020-08-22,19.1,16.3,24.2,7.4,6.3,2.7
Gilze-Rijen,2020-08-23,17.6,15.0,21.1,4.8,1.8,2.0
Gilze-Rijen,2020-08-24,16.9,12.4,22.2,6.3,1.0,2.3
Gilze-Rijen,2020-08-25,18.0,13.4,22.4,1.3,0.8,1.3
Gilze-Rijen,2020-08-26,16.7,12.6,19.1,0.2,1.5,0.5
Gilze-Rijen,2020-08-27,16.7,11.9,21.8,2.4,1.2,1.9
Gilze-Rijen,2020-08-28,16.2,11.6,22.2,4.4,7.9,1.8
Gilze-Rijen,2020-08-29,14.5,10.8,19.6,3.9,-1.0,1.9
Gilze-Rijen,2020-08-30,15.4,10.6,19.1,3.0,2.9,1.6
Gilze-Rijen,2020-08-31,15.0,7.7,19.6,4.9,-1.0,2.3
Gilze-Rijen,2020-09-01,14.1,7.2,19.2,4.7,0.0,1.9
Gilze-Rijen,2020-09-02,15.3,10.3,21.7,8.9,0.0,2.7
Gilze-Rijen,2020-09-03,17.1,10.7,21.9,0.6,2.8,1.3
Gilze-Rijen,2020-09-04,17.4,12.5,21.5,4.3,1.0,2.3
Gilze-Rijen,2020-09-05,15.2,10.5,19.8,7.9,0.4,2.4
Gilze-Rijen,2020-09-06,13.6,7.9,19.5,6.7,0.0,1.9
Gilze-Rijen,2020-09-07,15.7,8.5,21.9,10.1,0.0,2.7
Gilze-Rijen,2020-09-08,16.8,12.9,18.9,0.0,-1.0,0.6
Gilze-Rijen,2020-09-09,18.0,11.2,24.6,1.8,0.3,1.5
Gilze-Rijen,2020-09-10,13.7,6.7,21.0,8.4,0.0,2.5
Gilze-Rijen,2020-09-11,14.0,6.0,21.8,7.7,0.0,2.3
Gilze-Rijen,2020-09-12,15.1,8.4,20.9,5.9,0.0,2.0
Gilze-Rijen,2020-09-13,16.6,10.6,24.6,10.1,0.0,2.8
Gilze-Rijen,2020-09-14,20.8,10.0,31.6,11.6,0.0,3.1
Gilze-Rijen,2020-09-15,23.8,12.9,35.1,11.6,0.0,3.2
Gilze-Rijen,2020-09-16,19.1,13.0,25.0,7.9,0.0,2.3
Gilze-Rijen,2020-09-17,14.6,8.9,21.0,11.1,0.0,2.7
Gilze-Rijen,2020-09-18,16.0,8.3,23.8,11.4,0.0,2.8
Gilze-Rijen,2020-09-19,17.4,9.5,26.2,11.4,0.0,2.7
Gilze-Rijen,2020-09-20,15.9,8.6,24.9,11.4,0.0,2.8
Gilze-Rijen,2020-09-21,15.4,5.6,25.6,11.4,0.0,2.6
Gilze-Rijen,2020-09-22,15.3,6.1,24.9,10.7,0.0,2.5
Gilze-Rijen,2020-09-23,17.0,9.7,23.3,3.0,13.4,1.4
Gilze-Rijen,2020-09-24,14.2,10.5,18.6,6.5,2.9,1.7
Gilze-Rijen,2020-09-25,10.7,7.6,14.1,2.9,19.7,1.2
Gilze-Rijen,2020-09-26,13.1,9.7,16.9,7.5,11.3,1.8
Gilze-Rijen,2020-09-27,13.7,12.2,16.3,0.1,5.4,0.7
Gilze-Rijen,2020-09-28,12.4,11.9,13.2,0.0,4.4,0.2
Gilze-Rijen,2020-09-29,15.8,12.4,20.1,5.9,1.1,2.0
Gilze-Rijen,2020-09-30,15.9,11.8,19.3,2.0,2.7,1.0
Gilze-Rijen,2020-10-01,13.0,9.2,15.7,0.6,9.1,0.4
Eindhoven,2019-10-01,15.3,11.0,17.4,0.5,18.8,0.8
Eindhoven,2019-10-02,10.3,8.4,14.9,6.8,2.0,1.6
Eindhoven,2019-10-03,10.9,7.8,14.5,2.6,0.6,1.0
Eindhoven,2019-10-04,11.3,8.5,14.6,2.4,11.6,0.6
Eindhoven,2019-10-05,10.3,7.5,13.1,1.6,0.0,1.0
Eindhoven,2019-10-06,9.3,8.5,10.2,0.2,17.0,0.3
Eindhoven,2019-10-07,10.7,8.5,12.7,0.0,0.9,0.5
Eindhoven,2019-10-08,13.3,11.5,16.1,0.5,3.8,0.8
Eindhoven,2019-10-09,11.6,9.9,13.9,1.9,3.3,0.8
Eindhoven,2019-10-10,12.6,9.0,16.8,8.2,0.3,1.6
Eindhoven,2019-10-11,14.6,12.1,16.9,0.2,1.7,0.5
Eindhoven,2019-10-12,15.7,13.0,18.9,1.2,0.0,0.8
Eindhoven,2019-10-13,18.4,14.6,24.5,5.8,0.5,1.6
Eindhoven,2019-10-14,16.9,9.3,21.9,5.4,-1.0,1.5
Eindhoven,2019-10-15,14.7,12.5,16.9,0.1,1.8,0.5
Eindhoven,2019-10-16,13.1,10.5,14.6,2.1,8.3,0.7
Eindhoven,2019-10-17,13.4,10.5,16.8,2.3,1.2,0.9
Eindhoven,2019-10-18,12.3,9.5,15.2,4.6,7.6,1.0
Eindhoven,2019-10-19,11.7,9.7,13.9,0.8,2.5,0.6
Eindhoven,2019-10-20,10.8,7.8,12.3,0.0,4.0,0.3
Eindhoven,2019-10-21,12.6,11.2,15.1,0.9,3.3,0.6
Eindhoven,2019-10-22,12.6,9.9,16.0,3.7,-1.0,0.9
Eindhoven,2019-10-23,13.3,10.8,17.0,5.2,-1.0,1.1
Eindhoven,2019-10-24,15.1,11.4,20.3,3.7,-1.0,0.8
Eindhoven,2019-10-25,13.9,11.0,16.5,6.1,-1.0,1.2
Eindhoven,2019-10-26,16.8,13.9,20.2,6.8,1.1,1.3
Eindhoven,2019-10-27,8.8,2.8,14.8,3.5,2.7,0.8
Eindhoven,2019-10-28,7.0,1.2,13.8,5.6,0.0,0.9
Eindhoven,2019-10-29,6.8,2.7,12.1,7.3,0.0,1.1
Eindhoven,2019-10-30,4.6,-0.2,8.5,3.4,0.0,0.7
Eindhoven,2019-10-31,4.9,1.0,10.5,8.0,0.0,1.0
Eindhoven,2019-11-01,8.6,2.2,13.7,0.0,7.3,0.3
Eindhoven,2019-11-02,13.3,11.0,14.9,3.5,2.4,0.7
Eindhoven,2019-11-03,10.8,8.9,12.5,0.9,4.2,0.5
Eindhoven,2019-11-04,10.4,8.1,13.4,3.0,2.3,0.6
Eindhoven,2019-11-05,8.9,7.8,11.0,1.3,2.2,0.3
Eindhoven,2019-11-06,8.5,5.8,11.1,1.7,0.6,0.5
Eindhoven,2019-11-07,7.6,4.0,10.1,1.8,3.7,0.3
Eindhoven,2019-11-08,4.6,1.1,10.6,7.5,0.0,0.9
Eindhoven,2019-11-09,5.2,0.0,9.6,5.7,-1.0,0.8
Eindhoven,2019-11-10,2.6,-2.3,11.2,8.3,0.0,0.8
Eindhoven,2019-11-11,5.3,0.9,8.4,2.0,2.0,0.4
Eindhoven,2019-11-12,5.1,3.7,7.3,3.8,-1.0,0.5
Eindhoven,2019-11-13,5.8,4.0,8.7,1.1,7.7,0.3
Eindhoven,2019-11-14,5.5,2.4,8.9,0.9,-1.0,0.3
Eindhoven,2019-11-15,4.1,1.9,6.0,1.3,0.0,0.3
Eindhoven,2019-11-16,3.7,-1.2,7.8,4.2,0.0,0.4
Eindhoven,2019-11-17,4.1,-0.5,7.2,5.1,2.9,0.5
Eindhoven,2019-11-18,5.6,4.2,7.5,0.0,13.9,0.1
Eindhoven,2019-11-19,4.3,-1.5,8.7,4.1,1.4,0.5
Eindhoven,2019-11-20,1.6,-2.6,6.8,7.7,0.0,0.6
Eindhoven,2019-11-21,2.0,0.3,3.5,1.2,0.0,0.3
Eindhoven,2019-11-22,6.8,3.1,11.5,6.4,0.8,0.6
Eindhoven,2019-11-23,6.2,3.2,8.4,1.2,-1.0,0.4
Eindhoven,2019-11-24,6.3,1.3,10.4,4.1,0.0,0.5
Eindhoven,2019-11-25,7.4,3.9,11.5,6.3,0.0,0.6
Eindhoven,2019-11-26,10.2,7.4,12.1,0.2,0.7,0.2
Eindhoven,2019-11-27,10.6,9.6,11.9,0.8,9.8,0.3
Eindhoven,2019-11-28,9.5,7.8,10.5,0.0,10.8,0.1
Eindhoven,2019-11-29,4.8,-0.3,9.3,4.4,-1.0,0.4
Eindhoven,2019-11-30,1.6,-2.6,7.2,7.1,0.0,0.5
Eindhoven,2019-12-01,1.1,-2.2,4.1,0.7,0.0,0.3
Eindhoven,2019-12-02,3.1,-3.4,8.6,5.0,0.1,0.4
Eindhoven,2019-12-03,3.2,0.6,5.8,2.2,-1.0,0.3
Eindhoven,2019-12-04,0.7,-2.1,4.4,4.2,0.0,0.4
Eindhoven,2019-12-05,1.5,-0.7,3.8,0.5,0.0,0.2
Eindhoven,2019-12-06,5.7,2.6,9.5,0.0,6.7,0.1
Eindhoven,2019-12-07,9.1,8.5,10.1,0.0,-1.0,0.2
Eindhoven,2019-12-08,9.2,6.2,11.3,1.5,2.5,0.3
Eindhoven,2019-12-09,6.3,3.0,7.9,0.5,15.0,0.2
Eindhoven,2019-12-10,4.3,0.6,7.5,6.5,-1.0,0.5
Eindhoven,2019-12-11,5.5,3.8,7.4,0.3,4.9,0.1
Eindhoven,2019-12-12,4.5,2.0,6.2,5.3,2.0,0.4
Eindhoven,2019-12-13,5.1,3.6,7.0,0.0,7.7,0.1
Eindhoven,2019-12-14,5.7,4.4,7.4,0.6,10.9,0.2
Eindhoven,2019-12-15,7.3,4.1,9.6,4.4,3.0,0.4
Eindhoven,2019-12-16,7.5,4.3,9.1,0.0,0.6,0.1
Eindhoven,2019-12-17,11.1,4.7,15.9,2.6,1.9,0.4
Eindhoven,2019-12-18,6.7,4.2,9.8,5.4,0.0,0.5
Eindhoven,2019-12-19,11.3,6.8,15.1,6.0,0.1,0.5
Eindhoven,2019-12-20,11.0,6.9,14.2,0.5,1.3,0.2
Eindhoven,2019-12-21,7.3,4.9,9.1,0.5,1.8,0.2
Eindhoven,2019-12-22,7.8,6.2,9.3,0.0,11.9,0.1
Eindhoven,2019-12-23,7.4,5.1,8.9,1.5,2.7,0.3
Eindhoven,2019-12-24,8.8,5.9,11.1,0.2,1.3,0.2
Eindhoven,2019-12-25,7.4,5.5,9.7,0.2,1.9,0.2
Eindhoven,2019-12-26,5.3,3.1,6.1,0.0,5.9,0.1
Eindhoven,2019-12-27,5.4,4.1,6.0,3.9,2.7,0.4
Eindhoven,2019-12-28,1.1,-2.1,5.0,6.0,0.0,0.4
Eindhoven,2019-12-29,0.7,-2.5,4.0,2.0,0.0,0.3
Eindhoven,2019-12-30,4.1,-0.1,9.8,6.2,0.0,0.5
Eindhoven,2019-12-31,3.2,0.0,6.2,1.2,-1.0,0.3
Eindhoven,2020-01-01,0.6,-1.2,3.5,0.0,0.0,0.1
Eindhoven,2020-01-02,3.7,0.5,7.7,0.0,0.0,0.2
Eindhoven,2020-01-03,7.6,2.6,10.1,0.0,4.9,0.1
Eindhoven,2020-01-04,5.6,2.0,8.2,0.7,0.9,0.3
Eindhoven,2020-01-05,6.5,5.8,7.4,0.0,-1.0,0.1
Eindhoven,2020-01-06,5.7,3.1,7.9,5.7,1.3,0.6
Eindhoven,2020-01-07,7.2,4.7,8.6,1.9,-1.0,0.2
Eindhoven,2020-01-08,10.5,7.7,12.3,0.0,2.4,0.1
Eindhoven,2020-01-09,11.7,9.8,12.9,0.0,3.7,0.1
Eindhoven,2020-01-10,6.2,1.1,11.0,1.2,3.7,0.3
Eindhoven,2020-01-11,5.0,1.5,7.3,2.7,0.0,0.4
Eindhoven,2020-01-12,6.9,4.0,9.3,0.7,1.3,0.2
Eindhoven,2020-01-13,8.3,6.4,11.0,5.0,-1.0,0.6
Eindhoven,2020-01-14,10.7,9.2,12.2,0.0,2.3,0.1
Eindhoven,2020-01-15,9.5,4.9,12.8,1.0,2.8,0.3
Eindhoven,2020-01-16,7.2,1.4,11.8,7.3,0.0,0.7
Eindhoven,2020-01-17,8.1,3.0,10.2,1.0,0.3,0.2
Eindhoven,2020-01-18,3.8,-0.3,7.7,3.1,0.5,0.4
Eindhoven,2020-01-19,2.8,-0.4,7.6,3.3,-1.0,0.5
Eindhoven,2020-01-20,1.2,-2.2,4.5,0.4,0.0,0.3
Eindhoven,2020-01-21,-1.0,-2.3,0.4,0.0,0.0,0.2
Eindhoven,2020-01-22,1.6,-1.4,4.0,0.0,-1.0,0.2
Eindhoven,2020-01-23,3.6,1.5,6.1,1.3,0.0,0.3
Eindhoven,2020-01-24,1.3,0.3,1.9,0.0,0.0,0.1
Eindhoven,2020-01-25,1.0,-0.3,2.3,0.0,0.0,0.1
Eindhoven,2020-01-26,5.9,1.2,10.4,5.2,0.0,0.6
Eindhoven,2020-01-27,8.3,7.2,9.4,0.0,2.6,0.3
Eindhoven,2020-01-28,5.1,2.9,7.4,4.0,4.3,0.5
Eindhoven,2020-01-29,4.9,2.8,7.7,5.3,0.4,0.6
Eindhoven,2020-01-30,8.5,5.5,12.1,1.5,2.0,0.5
Eindhoven,2020-01-31,11.6,10.2,12.7,0.0,-1.0,0.4
Eindhoven,2020-02-01,10.8,7.7,12.8,1.5,6.5,0.4
Eindhoven,2020-02-02,9.8,6.5,13.3,0.0,3.6,0.2
Eindhoven,2020-02-03,9.3,5.6,11.2,0.9,5.6,0.3
Eindhoven,2020-02-04,5.1,1.4,7.2,2.4,5.5,0.5
Eindhoven,2020-02-05,5.0,0.1,8.6,5.5,0.0,0.8
Eindhoven,2020-02-06,3.0,-1.3,7.9,0.9,0.0,0.4
Eindhoven,2020-02-07,3.9,-1.6,8.8,8.3,0.0,1.0
Eindhoven,2020-02-08,7.5,2.6,12.3,1.3,1.2,0.4
Eindhoven,2020-02-09,10.1,6.7,12.9,0.0,21.4,0.4
Eindhoven,2020-02-10,7.9,4.3,11.5,1.4,9.5,0.5
Eindhoven,2020-02-11,5.6,3.8,7.9,4.3,1.4,0.7
Eindhoven,2020-02-12,4.8,2.0,8.8,5.5,-1.0,1.0
Eindhoven,2020-02-13,6.1,2.5,9.2,2.0,10.7,0.4
Eindhoven,2020-02-14,7.4,5.7,9.6,2.4,0.1,0.5
Eindhoven,2020-02-15,10.5,7.2,13.4,3.0,-1.0,0.8
Eindhoven,2020-02-16,12.7,8.0,18.0,0.4,11.3,0.4
Eindhoven,2020-02-17,7.8,5.8,11.4,5.3,3.5,0.9
Eindhoven,2020-02-18,7.2,4.6,9.5,4.2,2.6,0.7
Eindhoven,2020-02-19,6.0,3.9,8.1,5.6,7.0,0.8
Eindhoven,2020-02-20,7.9,3.9,10.6,1.0,7.2,0.5
Eindhoven,2020-02-21,6.5,2.3,9.2,3.9,0.0,0.8
Eindhoven,2020-02-22,8.6,6.4,10.1,0.0,3.8,0.3
Eindhoven,2020-02-23,9.1,2.5,12.5,0.0,19.7,0.2
Eindhoven,2020-02-24,7.8,2.5,11.8,0.0,5.6,0.2
Eindhoven,2020-02-25,6.7,3.0,11.0,5.4,2.5,1.0
Eindhoven,2020-02-26,2.8,0.1,6.7,4.2,15.3,0.7
Eindhoven,2020-02-27,2.2,0.6,3.4,0.0,9.8,0.2
Eindhoven,2020-02-28,4.0,-0.4,8.1,3.9,5.3,0.8
Eindhoven,2020-02-29,8.7,4.5,13.6,3.4,1.8,0.8
Eindhoven,2020-03-01,6.7,3.7,10.3,2.3,0.4,0.8
Eindhoven,2020-03-02,5.9,3.2,8.8,0.0,5.8,0.4
Eindhoven,2020-03-03,4.3,1.0,9.7,6.7,0.9,1.2
Eindhoven,2020-03-04,6.1,3.2,10.8,6.2,1.6,1.3
Eindhoven,2020-03-05,5.9,4.7,7.4,0.0,13.1,0.3
Eindhoven,2020-03-06,6.0,4.5,9.5,1.3,3.9,0.6
Eindhoven,2020-03-07,6.9,1.0,11.3,7.3,-1.0,1.5
Eindhoven,2020-03-08,8.2,6.7,10.0,1.2,3.8,0.5
Eindhoven,2020-03-09,7.7,5.7,10.5,5.2,0.8,1.2
Eindhoven,2020-03-10,10.6,6.2,13.1,0.0,12.8,0.4
Eindhoven,2020-03-11,11.8,9.6,14.7,3.5,14.7,1.0
Eindhoven,2020-03-12,8.8,5.7,13.7,7.2,2.9,1.8
Eindhoven,2020-03-13,6.6,2.1,11.0,6.5,2.7,1.3
Eindhoven,2020-03-14,7.2,0.6,12.0,5.6,0.4,1.5
Eindhoven,2020-03-15,10.0,6.8,13.6,2.1,0.0,0.9
Eindhoven,2020-03-16,8.9,2.2,13.3,5.3,-1.0,1.5
Eindhoven,2020-03-17,8.4,2.0,14.7,10.5,0.0,2.2
Eindhoven,2020-03-18,10.4,4.2,17.2,8.3,0.0,2.0
Eindhoven,2020-03-19,9.8,4.2,15.1,3.5,0.0,1.5
Eindhoven,2020-03-20,7.1,5.0,9.3,0.0,1.9,0.6
Eindhoven,2020-03-21,5.4,2.0,9.6,11.1,0.0,2.3
Eindhoven,2020-03-22,5.3,0.6,10.6,11.3,0.0,2.3
Eindhoven,2020-03-23,5.4,1.1,10.2,11.3,0.0,2.4
Eindhoven,2020-03-24,6.0,0.5,11.3,11.3,0.0,2.4
Eindhoven,2020-03-25,6.6,-1.8,11.9,11.5,0.0,2.5
Eindhoven,2020-03-26,6.6,-1.0,11.8,11.7,0.0,2.4
Eindhoven,2020-03-27,8.5,0.3,15.5,11.5,0.0,2.4
Eindhoven,2020-03-28,8.2,3.3,14.3,11.5,0.0,2.5
Eindhoven,2020-03-29,4.0,-1.2,7.9,4.6,0.0,1.2
Eindhoven,2020-03-30,3.4,-4.9,9.1,7.1,-1.0,1.5
Eindhoven,2020-03-31,4.3,-0.8,9.8,12.0,0.0,2.5
Eindhoven,2020-04-01,4.1,-4.2,10.8,12.2,0.0,2.5
Eindhoven,2020-04-02,6.4,-2.1,10.5,3.9,-1.0,1.4
Eindhoven,2020-04-03,6.9,-1.3,11.5,4.0,0.0,1.5
Eindhoven,2020-04-04,8.4,-2.1,15.3,12.2,0.0,2.9
Eindhoven,2020-04-05,14.1,6.0,21.4,12.2,0.0,3.4
Eindhoven,2020-04-06,15.6,6.9,24.0,10.6,-1.0,3.3
Eindhoven,2020-04-07,13.6,3.8,20.4,11.9,0.0,3.2
Eindhoven,2020-04-08,15.9,6.1,25.5,8.8,0.0,3.0
Eindhoven,2020-04-09,14.1,6.9,21.7,8.2,0.0,2.8
Eindhoven,2020-04-10,13.1,6.2,20.4,12.5,0.0,3.4
Eindhoven,2020-04-11,13.8,4.0,22.9,12.5,0.0,3.5
Eindhoven,2020-04-12,13.6,4.2,24.8,9.4,1.6,2.8
Eindhoven,2020-04-13,8.4,4.2,11.8,8.1,-1.0,2.6
Eindhoven,2020-04-14,6.3,1.0,10.8,2.8,0.0,1.6
Eindhoven,2020-04-15,10.0,-1.1,18.3,11.7,0.0,3.1
Eindhoven,2020-04-16,14.4,3.1,24.4,11.0,0.0,3.5
Eindhoven,2020-04-17,12.9,6.6,19.8,11.8,0.0,3.4
Eindhoven,2020-04-18,11.8,7.6,16.1,2.6,-1.0,1.6
Eindhoven,2020-04-19,13.3,8.4,19.1,8.2,0.0,2.9
Eindhoven,2020-04-20,13.6,7.0,19.6,13.2,0.0,3.8
Eindhoven,2020-04-21,14.8,8.6,20.8,13.2,0.0,4.0
Eindhoven,2020-04-22,16.0,7.2,22.5,13.2,0.0,4.2
Eindhoven,2020-04-23,15.4,6.7,23.8,13.3,0.0,4.0
Eindhoven,2020-04-24,12.9,5.2,20.7,12.6,0.0,3.8
Eindhoven,2020-04-25,10.5,5.0,15.7,7.9,0.0,3.0
Eindhoven,2020-04-26,10.6,1.4,18.5,13.5,0.0,3.7
Eindhoven,2020-04-27,13.8,2.7,23.0,11.0,0.0,3.6
Eindhoven,2020-04-28,11.8,8.3,15.9,1.5,3.6,1.4
Eindhoven,2020-04-29,12.7,9.7,17.7,2.8,1.1,2.0
Eindhoven,2020-04-30,11.2,7.8,16.9,6.9,8.8,2.7
Eindhoven,2020-05-01,10.0,7.3,15.9,5.8,4.6,2.2
Eindhoven,2020-05-02,9.4,5.0,15.1,7.4,1.1,2.4
Eindhoven,2020-05-03,12.1,4.3,17.6,4.1,-1.0,2.5
Eindhoven,2020-05-04,12.3,6.4,17.6,7.0,-1.0,2.9
Eindhoven,2020-05-05,10.0,5.0,15.4,14.2,0.0,4.0
Eindhoven,2020-05-06,12.1,2.9,18.5,14.0,0.0,4.1
Eindhoven,2020-05-07,14.1,3.6,21.8,11.2,0.0,3.9
Eindhoven,2020-05-08,16.0,6.1,22.9,8.7,0.0,3.7
Eindhoven,2020-05-09,18.1,9.2,25.5,13.5,0.0,4.5
Eindhoven,2020-05-10,14.2,7.2,21.1,0.2,-1.0,1.4
Eindhoven,2020-05-11,8.6,1.0,13.7,10.5,0.5,3.0
Eindhoven,2020-05-12,6.8,-0.7,12.3,6.2,0.0,2.0
Eindhoven,2020-05-13,8.6,1.3,14.2,8.4,0.0,2.6
Eindhoven,2020-05-14,9.0,1.9,15.1,14.2,0.0,4.0
Eindhoven,2020-05-15,9.3,1.0,16.2,9.5,0.0,3.3
Eindhoven,2020-05-16,10.5,1.6,17.8,9.6,0.0,3.1
Eindhoven,2020-05-17,12.6,2.0,20.2,11.8,0.0,3.6
Eindhoven,2020-05-18,15.2,6.0,24.5,13.6,0.0,4.5
Eindhoven,2020-05-19,16.7,6.4,24.8,10.4,0.0,4.2
Eindhoven,2020-05-20,17.2,8.8,23.4,13.0,0.0,4.4
Eindhoven,2020-05-21,20.1,8.9,28.4,13.9,0.0,4.9
Eindhoven,2020-05-22,19.4,14.8,27.9,1.9,1.1,2.4
Eindhoven,2020-05-23,14.9,11.4,20.5,6.3,0.2,3.1
Eindhoven,2020-05-24,13.3,9.9,15.9,3.3,0.1,1.6
Eindhoven,2020-05-25,16.4,9.4,22.4,11.0,0.0,4.0
Eindhoven,2020-05-26,17.0,6.9,24.0,13.9,0.0,4.8
Eindhoven,2020-05-27,16.7,9.0,23.6,11.0,0.0,4.4
Eindhoven,2020-05-28,15.7,8.6,22.1,14.0,0.0,5.0
Eindhoven,2020-05-29,16.7,7.3,23.4,15.0,0.0,5.1
Eindhoven,2020-05-30,18.7,10.9,24.9,14.5,0.0,5.1
Eindhoven,2020-05-31,17.3,9.7,22.5,15.0,0.0,5.1
Eindhoven,2020-06-01,19.4,10.7,26.3,14.5,0.0,5.2
Eindhoven,2020-06-02,20.6,9.4,29.7,13.9,0.0,5.0
Eindhoven,2020-06-03,17.5,9.7,24.7,10.4,0.0,4.5
Eindhoven,2020-06-04,12.6,6.6,15.1,0.0,3.7,0.8
Eindhoven,2020-06-05,9.9,5.4,15.3,3.3,22.2,1.7
Eindhoven,2020-06-06,12.6,7.0,17.7,8.4,1.3,3.4
Eindhoven,2020-06-07,13.8,10.1,19.2,4.5,-1.0,2.6
Eindhoven,2020-06-08,14.4,11.0,19.3,3.8,0.6,2.2
Eindhoven,2020-06-09,13.6,10.4,17.4,0.8,0.0,2.0
Eindhoven,2020-06-10,13.9,8.3,18.3,0.5,-1.0,1.3
Eindhoven,2020-06-11,16.3,11.7,20.7,3.6,0.0,2.4
Eindhoven,2020-06-12,19.8,15.4,26.8,9.7,13.2,4.2
Eindhoven,2020-06-13,20.9,15.2,27.0,12.5,2.9,5.1
Eindhoven,2020-06-14,17.8,15.2,20.0,0.0,10.5,1.0
Eindhoven,2020-06-15,20.1,15.2,25.1,2.0,0.3,2.9
Eindhoven,2020-06-16,19.0,14.8,23.6,1.2,2.6,2.4
Eindhoven,2020-06-17,18.7,13.0,25.5,9.3,30.6,4.2
Eindhoven,2020-06-18,18.1,13.3,23.9,7.1,4.8,3.7
Eindhoven,2020-06-19,17.7,11.5,23.9,13.1,0.0,4.8
Eindhoven,2020-06-20,17.3,10.9,23.5,12.8,0.0,4.5
Eindhoven,2020-06-21,19.6,12.7,26.0,7.6,2.6,3.9
Eindhoven,2020-06-22,17.7,11.2,23.8,11.4,0.0,4.5
Eindhoven,2020-06-23,21.3,11.0,27.2,15.3,0.0,5.5
Eindhoven,2020-06-24,24.2,15.4,30.5,15.3,0.0,5.8
Eindhoven,2020-06-25,24.8,18.9,30.3,15.2,0.0,5.8
Eindhoven,2020-06-26,24.1,19.1,31.6,12.4,6.9,5.2
Eindhoven,2020-06-27,21.0,17.2,27.0,6.2,1.6,3.6
Eindhoven,2020-06-28,17.9,12.7,22.6,7.7,-1.0,3.8
Eindhoven,2020-06-29,16.8,12.7,21.4,7.0,0.0,3.5
Eindhoven,2020-06-30,16.8,12.6,21.8,3.1,2.4,2.5
Eindhoven,2020-07-01,17.9,13.5,21.5,3.5,28.5,1.9
Eindhoven,2020-07-02,16.5,12.5,22.0,6.1,0.5,3.2
Eindhoven,2020-07-03,17.5,12.6,22.7,5.8,0.0,3.1
Eindhoven,2020-07-04,17.7,14.4,19.9,0.5,1.5,1.6
Eindhoven,2020-07-05,18.9,14.4,23.8,4.8,-1.0,2.4
Eindhoven,2020-07-06,14.5,9.1,19.1,7.8,0.8,3.3
Eindhoven,2020-07-07,15.5,6.9,20.9,4.3,-1.0,3.2
Eindhoven,2020-07-08,15.0,12.2,17.5,0.0,4.0,1.1
Eindhoven,2020-07-09,18.1,15.7,21.9,1.1,1.2,1.9
Eindhoven,2020-07-10,15.5,8.6,18.3,4.8,3.4,2.1
Eindhoven,2020-07-11,13.7,6.8,19.4,9.7,8.1,3.0
Eindhoven,2020-07-12,15.6,7.2,21.7,12.1,0.0,3.9
Eindhoven,2020-07-13,17.6,8.5,24.4,14.2,0.0,5.0
Eindhoven,2020-07-14,15.5,10.8,18.4,0.1,1.6,1.5
Eindhoven,2020-07-15,16.1,8.9,21.9,7.7,-1.0,3.4
Eindhoven,2020-07-16,15.8,12.9,18.0,0.1,1.3,1.3
Eindhoven,2020-07-17,17.6,13.2,21.3,2.4,0.0,2.2
Eindhoven,2020-07-18,20.3,11.7,27.0,9.9,0.0,4.2
Eindhoven,2020-07-19,19.2,11.8,25.2,11.1,-1.0,4.5
Eindhoven,2020-07-20,17.1,11.5,22.1,12.2,-1.0,4.6
Eindhoven,2020-07-21,15.2,7.7,22.1,13.3,0.0,4.2
Eindhoven,2020-07-22,15.3,6.8,21.8,11.9,0.0,4.0
Eindhoven,2020-07-23,18.5,7.8,26.1,11.1,-1.0,4.5
Eindhoven,2020-07-24,18.3,14.3,22.3,2.8,0.9,2.4
Eindhoven,2020-07-25,19.4,14.5,24.0,1.3,1.0,1.9
Eindhoven,2020-07-26,18.8,13.5,23.7,9.7,0.3,3.8
Eindhoven,2020-07-27,18.9,13.3,27.9,2.9,0.5,2.0
Eindhoven,2020-07-28,18.3,11.5,22.8,6.0,-1.0,3.1
Eindhoven,2020-07-29,17.2,11.4,22.5,11.4,0.0,3.8
Eindhoven,2020-07-30,20.2,9.0,28.0,13.8,0.0,4.8
Eindhoven,2020-07-31,26.8,14.9,34.9,14.2,0.0,5.4
Eindhoven,2020-08-01,21.7,13.2,25.9,4.9,0.1,3.3
Eindhoven,2020-08-02,17.0,9.7,23.7,7.3,-1.0,2.8
Eindhoven,2020-08-03,15.9,7.9,24.3,5.6,-1.0,3.2
Eindhoven,2020-08-04,17.1,8.0,23.6,13.0,0.0,4.4
Eindhoven,2020-08-05,21.2,11.3,30.1,13.6,0.0,4.8
Eindhoven,2020-08-06,23.5,12.4,31.9,13.3,0.0,4.7
Eindhoven,2020-08-07,25.6,15.7,34.6,14.0,0.0,5.0
Eindhoven,2020-08-08,27.2,14.9,35.9,13.0,0.0,4.9
Eindhoven,2020-08-09,28.2,22.0,35.0,11.9,0.0,4.8
Eindhoven,2020-08-10,27.4,19.3,34.4,10.6,0.0,4.4
Eindhoven,2020-08-11,26.6,20.3,35.8,9.3,3.6,3.9
Eindhoven,2020-08-12,27.1,21.7,33.2,11.7,0.0,4.5
Eindhoven,2020-08-13,24.5,19.4,34.1,4.7,3.2,3.3
Eindhoven,2020-08-14,22.4,17.5,28.5,8.4,0.0,3.4
Eindhoven,2020-08-15,21.4,16.5,28.4,4.5,1.2,2.9
Eindhoven,2020-08-16,22.6,15.9,30.8,5.8,0.8,3.0
Eindhoven,2020-08-17,20.2,15.0,27.7,7.1,0.0,3.1
Eindhoven,2020-08-18,19.1,13.1,26.5,9.8,-1.0,3.3
Eindhoven,2020-08-19,21.8,13.9,29.1,9.0,0.1,3.7
Eindhoven,2020-08-20,24.6,18.5,30.1,2.1,1.9,2.1
Eindhoven,2020-08-21,23.9,16.2,30.6,8.5,1.8,3.6
Eindhoven,2020-08-22,19.4,14.8,25.6,7.9,0.1,2.9
Eindhoven,2020-08-23,17.7,13.8,22.4,6.2,0.3,2.3
Eindhoven,2020-08-24,17.1,11.9,22.9,6.2,0.2,2.4
Eindhoven,2020-08-25,17.8,12.2,22.0,1.7,0.8,1.3
Eindhoven,2020-08-26,16.7,11.7,19.0,0.0,0.8,0.7
Eindhoven,2020-08-27,17.0,11.9,21.9,2.6,0.2,1.9
Eindhoven,2020-08-28,15.9,10.3,22.8,3.6,5.3,1.9
Eindhoven,2020-08-29,14.5,9.9,20.6,5.7,0.0,2.5
Eindhoven,2020-08-30,14.5,10.1,18.9,1.1,7.7,1.3
Eindhoven,2020-08-31,14.6,8.3,20.2,4.1,0.3,2.1
Eindhoven,2020-09-01,13.2,5.7,19.9,5.0,0.0,1.9
Eindhoven,2020-09-02,15.1,8.7,22.3,6.9,0.0,2.5
Eindhoven,2020-09-03,16.9,10.0,21.5,0.2,1.9,1.1
Eindhoven,2020-09-04,18.1,13.6,23.2,4.8,1.0,2.5
Eindhoven,2020-09-05,15.1,9.5,20.5,6.8,-1.0,2.3
Eindhoven,2020-09-06,13.3,7.2,20.9,6.1,0.0,1.8
Eindhoven,2020-09-07,15.2,7.7,22.2,9.2,0.0,2.6
Eindhoven,2020-09-08,16.9,12.1,19.2,0.0,-1.0,0.9
Eindhoven,2020-09-09,18.5,12.2,25.3,1.4,-1.0,1.4
Eindhoven,2020-09-10,14.1,6.9,21.1,10.8,0.0,3.0
Eindhoven,2020-09-11,13.9,5.2,23.0,7.8,0.0,2.3
Eindhoven,2020-09-12,14.7,7.3,21.8,7.4,0.0,2.4
Eindhoven,2020-09-13,16.6,9.6,24.9,9.8,0.0,2.8
Eindhoven,2020-09-14,20.8,10.2,31.5,11.6,0.0,3.1
Eindhoven,2020-09-15,23.6,12.8,34.0,11.3,0.0,3.2
Eindhoven,2020-09-16,19.9,14.3,27.3,9.3,0.0,2.7
Eindhoven,2020-09-17,14.8,7.7,20.7,11.2,0.0,2.7
Eindhoven,2020-09-18,16.3,8.8,23.6,11.3,0.0,2.8
Eindhoven,2020-09-19,18.2,10.9,26.1,11.4,0.0,2.8
Eindhoven,2020-09-20,15.9,8.1,25.3,11.4,0.0,2.8
Eindhoven,2020-09-21,15.1,5.2,25.9,11.2,0.0,2.6
Eindhoven,2020-09-22,15.2,5.9,25.4,9.7,0.0,2.5
Eindhoven,2020-09-23,17.4,9.6,24.5,4.3,3.6,1.7
Eindhoven,2020-09-24,14.5,10.9,19.3,7.8,2.3,2.2
Eindhoven,2020-09-25,10.6,7.9,14.8,2.8,17.3,1.0
Eindhoven,2020-09-26,12.6,10.2,16.5,4.4,14.2,1.3
Eindhoven,2020-09-27,13.1,11.4,15.5,0.4,3.4,0.8
Eindhoven,2020-09-28,11.7,11.3,12.2,0.0,2.4,0.2
Eindhoven,2020-09-29,15.4,11.5,20.0,7.0,0.8,1.9
Eindhoven,2020-09-30,16.4,11.6,20.4,3.4,0.0,1.3
Eindhoven,2020-10-01,13.2,9.4,16.0,1.3,7.4,0.5
